,obj,m
0,0.0,0
0,361083.99127728003,2
0,608092.1941184,4
0,815122.2122576002,6
0,911294.17037264,8
0,986299.0269035199,10
0,1027101.3639035199,12
0,1051757.08773984,14
